{
    "defisheye_image":{
    "DIM":[2592, 1944],
    "K":[[1111.9865539859, 0.0, 1208.5863869568796], [0.0, 1109.8571288005417, 836.8458946828345], [0.0, 0.0, 1.0]],
    "D":[[-0.05501280593226953], [-0.029362677688009896], [0.04096652168504248], [-0.01685192335816643]]    
    },
    "unperspectiv_image":{
        "matrix":[[ 2.14650687e+00,  1.46151105e-01, -1.06825036e+03],
        [ 5.31648939e-01,  1.87120932e+00, -4.12626514e+02],
        [ 4.73628371e-04,  1.83157900e-04,  1.00000000e+00]],
        "tileW":750,
        "tileH":750,
        "widthImg":2000,
        "heightImg":2000

    },
    "point_mask":{
        "P1":[294,274],
        "P2": [712, 377],
        "P3": [301,654],
        "P4": [713,730]
    },
    "corner_detection":{
        "sharpen_kernel":[[0,-1,0], [-1,5,-1], [0,-1,0]],
        "canny_min":20,
        "canny_max":40,
        "point_mask_margin": 5  

    },
    "ceramic_crop" :{
        "algComment": "Next parameter you can use one of 'Canny' or 'Threshold'",
        "alg" : "Canny",
        "canny_min":100,
        "canny_max":200,        
        "threshold_min" : 250,
        "threshold_max" : 255,
        "bounding_margin" : 10,
        "canny_thr_min":10,
        "canny_thr_max":255
    }
}










